<?xml version="1.0" encoding="UTF-8"?>
<!--
严肃声明：
开源版本请务必保留此注释头信息，若删除我方将保留所有法律责任追究！
本软件已申请软件著作权，受国家版权局知识产权以及国家计算机软件著作权保护！
可正常分享和学习源码，不得用于违法犯罪活动，违者必究！
Copyright (c) 2022 程序员十三 all rights reserved.
版权所有，侵权必究！
-->
<!DOCTYPE mapper PUBLIC "-//mybatis.org//DTD Mapper 3.0//EN" "http://mybatis.org/dtd/mybatis-3-mapper.dtd">
<mapper namespace="ltd.order.cloud.newbee.dao.MallUserAddressMapper">
    <resultMap id="BaseResultMap" type="ltd.order.cloud.newbee.entity.MallUserAddress">
        <id column="address_id" jdbcType="BIGINT" property="addressId"/>
        <result column="user_id" jdbcType="BIGINT" property="userId"/>
        <result column="user_name" jdbcType="VARCHAR" property="userName"/>
        <result column="user_phone" jdbcType="VARCHAR" property="userPhone"/>
        <result column="default_flag" jdbcType="TINYINT" property="defaultFlag"/>
        <result column="province_name" jdbcType="VARCHAR" property="provinceName"/>
        <result column="city_name" jdbcType="VARCHAR" property="cityName"/>
        <result column="region_name" jdbcType="VARCHAR" property="regionName"/>
        <result column="detail_address" jdbcType="VARCHAR" property="detailAddress"/>
        <result column="is_deleted" jdbcType="TINYINT" property="isDeleted"/>
        <result column="create_time" jdbcType="TIMESTAMP" property="createTime"/>
        <result column="update_time" jdbcType="TIMESTAMP" property="updateTime"/>
    </resultMap>
    <sql id="Base_Column_List">
    address_id, user_id, user_name, user_phone, default_flag, province_name, city_name, 
    region_name, detail_address, is_deleted, create_time, update_time
  </sql>
    <select id="selectByPrimaryKey" parameterType="java.lang.Long" resultMap="BaseResultMap">
        select
        <include refid="Base_Column_List"/>
        from tb_newbee_mall_user_address
        where address_id = #{addressId,jdbcType=BIGINT} and is_deleted = 0
    </select>
    <select id="getMyDefaultAddress" parameterType="java.lang.Long" resultMap="BaseResultMap">
        select
        <include refid="Base_Column_List"/>
        from tb_newbee_mall_user_address
        where user_id = #{userId} and default_flag =1 and is_deleted = 0 limit 1
    </select>
    <select id="findMyAddressList" parameterType="java.lang.Long" resultMap="BaseResultMap">
        select
        <include refid="Base_Column_List"/>
        from tb_newbee_mall_user_address
        where user_id = #{userId} and is_deleted = 0
        order by address_id desc
        limit 20 <!-- 最多返回20条 -->
    </select>
    <update id="deleteByPrimaryKey" parameterType="java.lang.Long">
    update tb_newbee_mall_user_address set is_deleted = 1
    where address_id = #{addressId,jdbcType=BIGINT}
  </update>
    <insert id="insert" parameterType="ltd.order.cloud.newbee.entity.MallUserAddress">
    insert into tb_newbee_mall_user_address (address_id, user_id, user_name, 
      user_phone, default_flag, province_name, 
      city_name, region_name, detail_address, 
      is_deleted, create_time, update_time
      )
    values (#{addressId,jdbcType=BIGINT}, #{userId,jdbcType=BIGINT}, #{userName,jdbcType=VARCHAR}, 
      #{userPhone,jdbcType=VARCHAR}, #{defaultFlag,jdbcType=TINYINT}, #{provinceName,jdbcType=VARCHAR}, 
      #{cityName,jdbcType=VARCHAR}, #{regionName,jdbcType=VARCHAR}, #{detailAddress,jdbcType=VARCHAR}, 
      #{isDeleted,jdbcType=TINYINT}, #{createTime,jdbcType=TIMESTAMP}, #{updateTime,jdbcType=TIMESTAMP}
      )
  </insert>
    <insert id="insertSelective" parameterType="ltd.order.cloud.newbee.entity.MallUserAddress">
        insert into tb_newbee_mall_user_address
        <trim prefix="(" suffix=")" suffixOverrides=",">
            <if test="addressId != null">
                address_id,
            </if>
            <if test="userId != null">
                user_id,
            </if>
            <if test="userName != null">
                user_name,
            </if>
            <if test="userPhone != null">
                user_phone,
            </if>
            <if test="defaultFlag != null">
                default_flag,
            </if>
            <if test="provinceName != null">
                province_name,
            </if>
            <if test="cityName != null">
                city_name,
            </if>
            <if test="regionName != null">
                region_name,
            </if>
            <if test="detailAddress != null">
                detail_address,
            </if>
            <if test="isDeleted != null">
                is_deleted,
            </if>
            <if test="createTime != null">
                create_time,
            </if>
            <if test="updateTime != null">
                update_time,
            </if>
        </trim>
        <trim prefix="values (" suffix=")" suffixOverrides=",">
            <if test="addressId != null">
                #{addressId,jdbcType=BIGINT},
            </if>
            <if test="userId != null">
                #{userId,jdbcType=BIGINT},
            </if>
            <if test="userName != null">
                #{userName,jdbcType=VARCHAR},
            </if>
            <if test="userPhone != null">
                #{userPhone,jdbcType=VARCHAR},
            </if>
            <if test="defaultFlag != null">
                #{defaultFlag,jdbcType=TINYINT},
            </if>
            <if test="provinceName != null">
                #{provinceName,jdbcType=VARCHAR},
            </if>
            <if test="cityName != null">
                #{cityName,jdbcType=VARCHAR},
            </if>
            <if test="regionName != null">
                #{regionName,jdbcType=VARCHAR},
            </if>
            <if test="detailAddress != null">
                #{detailAddress,jdbcType=VARCHAR},
            </if>
            <if test="isDeleted != null">
                #{isDeleted,jdbcType=TINYINT},
            </if>
            <if test="createTime != null">
                #{createTime,jdbcType=TIMESTAMP},
            </if>
            <if test="updateTime != null">
                #{updateTime,jdbcType=TIMESTAMP},
            </if>
        </trim>
    </insert>
    <update id="updateByPrimaryKeySelective" parameterType="ltd.order.cloud.newbee.entity.MallUserAddress">
        update tb_newbee_mall_user_address
        <set>
            <if test="userId != null">
                user_id = #{userId,jdbcType=BIGINT},
            </if>
            <if test="userName != null">
                user_name = #{userName,jdbcType=VARCHAR},
            </if>
            <if test="userPhone != null">
                user_phone = #{userPhone,jdbcType=VARCHAR},
            </if>
            <if test="defaultFlag != null">
                default_flag = #{defaultFlag,jdbcType=TINYINT},
            </if>
            <if test="provinceName != null">
                province_name = #{provinceName,jdbcType=VARCHAR},
            </if>
            <if test="cityName != null">
                city_name = #{cityName,jdbcType=VARCHAR},
            </if>
            <if test="regionName != null">
                region_name = #{regionName,jdbcType=VARCHAR},
            </if>
            <if test="detailAddress != null">
                detail_address = #{detailAddress,jdbcType=VARCHAR},
            </if>
            <if test="isDeleted != null">
                is_deleted = #{isDeleted,jdbcType=TINYINT},
            </if>
            <if test="createTime != null">
                create_time = #{createTime,jdbcType=TIMESTAMP},
            </if>
            <if test="updateTime != null">
                update_time = #{updateTime,jdbcType=TIMESTAMP},
            </if>
        </set>
        where address_id = #{addressId,jdbcType=BIGINT}
    </update>
    <update id="updateByPrimaryKey" parameterType="ltd.order.cloud.newbee.entity.MallUserAddress">
    update tb_newbee_mall_user_address
    set user_id = #{userId,jdbcType=BIGINT},
      user_name = #{userName,jdbcType=VARCHAR},
      user_phone = #{userPhone,jdbcType=VARCHAR},
      default_flag = #{defaultFlag,jdbcType=TINYINT},
      province_name = #{provinceName,jdbcType=VARCHAR},
      city_name = #{cityName,jdbcType=VARCHAR},
      region_name = #{regionName,jdbcType=VARCHAR},
      detail_address = #{detailAddress,jdbcType=VARCHAR},
      is_deleted = #{isDeleted,jdbcType=TINYINT},
      create_time = #{createTime,jdbcType=TIMESTAMP},
      update_time = #{updateTime,jdbcType=TIMESTAMP}
    where address_id = #{addressId,jdbcType=BIGINT}
  </update>
</mapper>